ID,Original ID,Room ID,Item Label
1,22,3,shower_coldwater_instantaneous
2,23,7,washingmachine_partial_energy
3,24,7,sink_coldwater_total
4,25,10,waterheater_voltage
5,26,10,waterheater_partial_energy
6,27,7,oven_voltage
7,28,4,presence_table
8,29,3,sink_coldwater_total
9,31,3,heater_effective_setpoint
10,32,3,shower_coldwater_total
11,33,10,shutters_voltage
12,35,8,AC_setpoint
13,36,7,cooktop_current
14,37,10,waterheater_status
15,38,7,oven_power
16,40,1,heater_base_setpoint
17,41,7,dishwasher_voltage
18,43,4,heater1_base_setpoint
19,45,4,presence_couch
20,46,4,heater1_effective_mode
21,47,3,CO2
22,48,7,hood_partial_energy
23,49,3,presence
24,51,10,pressure_trend_ext
25,52,10,condition_id_ext
26,53,10,temperature_feel_ext
27,54,10,humidity_ext
28,55,10,wind_speed_ext
29,57,10,condition_ext
30,58,10,pressure_ext
31,59,10,rain_ext
32,60,10,temperature_ext
33,61,10,wind_direction_ext
34,62,10,commonID_ext
35,63,10,snow_ext
36,64,10,clouds_ext
37,68,6,luminosity
38,69,10,shutters_current
39,71,10,coldwater_instantaneous
40,72,4,heater2_effective_mode
41,73,7,fridge_power
42,75,7,sink_hotwater_total
43,76,4,heater2_temperature
44,77,3,heater_effective_mode
45,79,10,current
46,80,10,power_factor
47,81,10,voltage
48,82,10,active_power
49,83,10,gas_total
50,84,10,active_energy
51,85,10,frequency
52,86,3,sink_coldwater_instantaneous
53,87,3,heater_temperature
54,89,8,heater2_effective_setpoint
55,91,8,heater1_temperature
56,92,1,heater_temperature
57,94,6,presence
58,96,10,waterheater_total_energy
59,109,1,heater_effective_setpoint
60,111,4,heater2_base_setpoint
61,113,4,couch_plug_consumption
62,115,4,table_luminosity
63,117,4,tv_plug_consumption
64,118,4,heater1_effective_setpoint
65,119,6,desk_plug_consumption
66,120,8,luminosity
67,122,7,cooktop_total_energy
68,124,1,heater_effective_mode
69,126,10,shutters_total_energy
70,127,4,table_plug_consumption
71,128,8,CO2
72,130,3,temperature
73,131,8,heater1_effective_mode
74,132,6,tv_plug_consumption
75,133,4,temperature
76,135,3,sink_hotwater_total
77,136,7,humidity
78,161,7,luminosity
79,162,8,heater1_effective_setpoint
80,164,10,shutters_partial_energy
81,165,7,hood_voltage
82,166,10,shutters_power
83,167,7,dishwasher_current
84,168,4,AC_setpoint
85,169,7,oven_total_energy
86,170,7,hood_current
87,171,8,heater2_effective_mode
88,173,7,washingmachine_total_energy
89,174,3,heater_base_setpoint
90,175,7,cooktop_voltage
91,177,6,heater_effective_mode
92,178,10,waterheater_power
93,179,4,luminosity
94,180,6,AC_setpoint
95,182,6,heater_effective_setpoint
96,183,7,fridge_partial_energy
97,184,7,sink_hotwater_instantaneous
98,185,4,heater2_effective_setpoint
99,187,10,lighting_voltage
100,188,7,hood_power
101,189,7,sink_coldwater_instantaneous
102,190,3,luminosity
103,191,8,temperature
104,193,7,dishwasher_partial_energy
105,194,7,dishwasher_total_energy
106,195,10,coldwater_total
107,197,8,humidity
108,198,7,dishwasher_power
109,200,7,washingmachine_power
110,201,3,shower_hotwater_instantaneous
111,204,7,fridge_total_energy
112,205,10,waterheater_current
113,206,3,shower_hotwater_total
114,207,8,light1
115,208,8,light2
116,209,3,light1
117,210,1,light1
118,212,4,light1
119,213,2,light
120,214,8,light3
121,215,5,light
122,216,6,heater_base_setpoint
123,218,4,light2
124,220,8,light4
125,221,9,light
126,222,6,light
127,223,7,light1
128,226,3,light2
129,229,7,CO2
130,230,7,light2
131,232,7,oven_current
132,233,3,humidity
133,236,10,lighting_total_energy
134,237,7,fridge_voltage
135,239,6,heater_command
136,240,10,heaters_setpoint
137,241,7,washingmachine_current
138,242,8,heater1_base_setpoint
139,243,4,heater1_temperature
140,244,8,heater2_base_setpoint
141,246,8,heater2_temperature
142,247,6,heater_temperature
143,248,7,hood_total_energy
144,251,5,coldwater_total
145,253,4,humidity
146,254,5,coldwater_instantaneous
147,255,7,cooktop_partial_energy
148,256,7,washingmachine_voltage
149,257,10,lighting_current
150,258,3,heater_command
151,262,8,presence
152,264,3,sink_hotwater_instantaneous
153,265,7,fridge_current
154,266,10,lighting_partial_energy
155,268,4,CO2
156,269,7,presence
157,271,10,lighting_power
158,272,10,heaters_temperature
159,273,6,AC_mode
160,274,7,temperature
161,275,8,heater1_command
162,276,7,cooktop_power
163,277,7,oven_partial_energy
164,278,8,heater2_command
165,279,1,heater_command
166,280,4,heater2_command
167,281,4,heater1_command
168,282,4,tv_status
169,283,6,tv_status
170,286,4,couch_noise
171,287,6,noise
172,288,8,noise
173,289,9,noise
174,290,4,table_noise
175,291,4,switch1_bottom_left
176,292,4,shutter2
177,293,4,shutter3
178,294,4,shutter4
179,295,4,shutter5
180,297,4,switch1_top_right
181,298,4,switch2_top_right
182,299,4,shutter1
183,300,7,cupboard1
184,301,7,noise
185,302,7,switch_bottom_right
186,303,1,noise
187,304,7,switch_top_right
188,305,1,door
189,306,1,switch_left
190,307,9,switch1_bottom_right
191,310,8,shutter1
192,311,6,shutter
193,312,8,shutter2
194,314,7,fridge_door
195,315,7,cupboard2
196,316,7,cupboard3
197,317,7,cupboard4
198,318,2,switch_left
199,319,9,switch1_bottom_left
200,320,9,switch1_top_left
201,322,9,switch1_top_right
202,323,9,switch2_top_left
203,324,9,switch2_bottom_left
204,328,9,switch2_bottom_right
205,329,9,switch2_top_right
206,330,3,switch_top_left
207,331,3,switch_bottom_left
208,332,3,switch_bottom_right
209,333,3,switch_top_right
210,334,3,door
211,335,8,switch_top_left
212,336,8,switch_top_right
213,337,8,switch_bottom_left
214,338,8,switch_bottom_right
215,339,8,closet_door
216,340,8,door
217,341,6,switch_left
218,342,6,switch_right
219,343,6,door
220,344,2,switch_right
221,345,7,switch_top_left
222,346,7,switch_bottom_left
223,347,5,switch_left
224,348,5,switch_right
225,349,8,bed_pressure
226,351,4,switch2_top_left
227,352,3,shower_door
228,353,4,switch1_top_left
229,354,6,switch_middle
230,355,7,cupboard5
231,356,8,switch_middle_left
232,357,8,drawer1
233,358,8,drawer2
234,360,8,switch_middle_right
235,361,4,window1
236,363,6,window
